"References","Value","Footprint","TME","Qty","Note"
"C1,C7","100n","Capacitor_SMD:C_0805_2012Metric_Pad1.18x1.45mm_HandSolder","0805B104K500CT","2",""
"C2,C4,C5","10u 25V","Capacitor_SMD:C_1206_3216Metric_Pad1.33x1.80mm_HandSolder","TMK316AB7106KLHT","3",""
"C3","220p","Capacitor_SMD:C_0805_2012Metric_Pad1.18x1.45mm_HandSolder","0805N221J500CT","1","feed-forward, fz ~ 8 kHz"
"C6","100u 25V","Capacitor_THT:CP_Radial_D6.3mm_P2.50mm","CE-100/25PHT-Y","1",""
"D1","SS14","Diode_SMD:D_SMA_Handsoldering","SS14-FAI","1",""
"J1,J2,J3","FAN1,FAN2,FAN3","Connector_Molex:Molex_KK-254_AE-6410-04A_1x04_P2.54mm_Vertical","MX-47053-1000","3",""
"J4","DS18B20","TerminalBlock:TerminalBlock_Xinya_XY308-2.54-3P_1x03_P2.54mm_Horizontal","DG308-2.54-03P","1","probe: red VDD, yellow DQ, black GND"
"L1","10u","Inductor_SMD:L_Changjiang_FNR5040S","DJNR5040-100-S","1",""
"Q1,Q2,Q3","2N7002","Package_TO_SOT_SMD:SOT-23_Handsoldering","2N7002-DIO","3",""
"R1,R4","51k","Resistor_SMD:R_0805_2012Metric_Pad1.20x1.40mm_HandSolder","SMD0805-51K-1%","2","current limit 465-570 mA"
"R2,R6,R13,R14,R15","10k","Resistor_SMD:R_0805_2012Metric_Pad1.20x1.40mm_HandSolder","SMD0805-10K-1%","5","limits current if fan tach is pulled up to 12 V"
"R3,R7,R8,R9","100k","Resistor_SMD:R_0805_2012Metric_Pad1.20x1.40mm_HandSolder","SMD0805-100K-1%","4","MCU dead -> MOSFET off -> fan 100%,fans powered by default"
"R5","91k","Resistor_SMD:R_0805_2012Metric_Pad1.20x1.40mm_HandSolder","SMD0805-91K-1%","1","Vout = 1.23 * (1 + 91/10) = 12.4 V"
"R10,R11,R12,R16","4k7","Resistor_SMD:R_0805_2012Metric_Pad1.20x1.40mm_HandSolder","SMD0805-4K7-1%","4","pull-up on fan side"
"U1","Raspberry Pi Pico","Module:RaspberryPi_Pico_SMD_HandSolder","SC0915","1",""
"U2","TPS2553DBV","Package_TO_SOT_SMD:SOT-23-6_Handsoldering","TPS2553DBVR","1",""
"U3","LM27313XMF","Package_TO_SOT_SMD:SOT-23-5_HandSoldering","LM27313XMF/NOPB","1",""
